Department,Employee Name,Employee ID
Marketing,James Lee,M2005
Finance,Michael Roberts,F3006
Sales,Amy Thompson,S1008
Human Resources,Daniel Wilson,H4007
Sales,Lisa Johnson,S1002
Marketing,David Jones,M2001
Sales,John Smith,S1001
Finance,Olivia Martinez,F3003
Engineering,Michael Harris,E5005
Sales,Robert Wilson,S1005
Engineering,Elizabeth Young,E5004
Marketing,Andrew Miller,M2003
Human Resources,Alexander Garcia,H4001
Engineering,William Harris,E5001
Marketing,Sophia Wilson,M2006
Finance,Daniel Moore,F3002
Marketing,Benjamin Harris,M2007
Engineering,Noah Robinson,E5003
Human Resources,Matthew Hernandez,H4003
Sales,Emily Davis,S1004
Marketing,Emma Anderson,M2004
Human Resources,Olivia Robinson,H4008
Engineering,Lucas Walker,E5007
Marketing,Oliver Taylor,M2008
Finance,Sophia Allen,F3007
Engineering,Avery Hall,E5008
Human Resources,Sophia Taylor,H4002
Marketing,Emily Turner,M2009
Engineering,Charlotte Thomas,E5002
Engineering,Lily Johnson,E5011
Engineering,Matthew Anderson,E5012
Engineering,Nathan Davis,E5010
Engineering,Abigail Adams,E5009
Sales,Samantha Moore,S1006
Sales,David Anderson,S1007
Finance,Andrew Davis,F3004
Finance,Jessica Garcia,F3005
Engineering,Emma Turner,E5013
Human Resources,Isabella White,H4004
