Name,Email Address,Occupation
Name,Email Address,Occupation
John Doe,johndoe@yahoo.com,Engineer
Jane Smith,janesmith@yahoo.com,Teacher
Mike Johnson,mikejohnson@yahoo.com,Doctor
Sarah Williams,sarahwilliams@yahoo.com,Designer
Robert Brown,robertbrown@yahoo.com,Writer
Alice Anderson,aliceanderson@yahoo.com,Engineer
David Wilson,davidwilson@yahoo.com,Teacher
Emily Davis,emilydavis@yahoo.com,Doctor
Michael Thompson,michaelthompson@yahoo.com,Designer
Olivia Taylor,oliviataylor@yahoo.com,Writer
